{
  "standard": {
    "checkpoint_averages": {
      "1": 38.304210526315785,
      "2": 40.44842105263158,
      "3": 41.53964912280703,
      "4": 41.5719298245614,
      "5": 42.22859649122807,
      "6": 42.80649122807018,
      "7": 42.59877192982456,
      "8": 41.799824561403504
    },
    "overall_average": 41.412236842105294,
    "total_checkpoints": 456,
    "unique_checkpoint_ids": [
      1,
      2,
      3,
      4,
      5,
      6,
      7,
      8
    ]
  },
  "cosine": {
    "checkpoint_averages": {
      "1": 37.42684210526316,
      "2": 40.62350877192982,
      "3": 40.974736842105266,
      "4": 40.3238596491228,
      "5": 40.70824561403508,
      "6": 40.032280701754374,
      "7": 40.43508771929824,
      "8": 40.07087719298243
    },
    "overall_average": 40.07442982456146,
    "total_checkpoints": 456,
    "unique_checkpoint_ids": [
      1,
      2,
      3,
      4,
      5,
      6,
      7,
      8
    ]
  },
  "EPIC_inst": {
    "checkpoint_averages": {
      "1": 34.034912280701754,
      "2": 36.04947368421053,
      "3": 36.48508771929826,
      "4": 38.09578947368421,
      "5": 38.10245614035088,
      "6": 36.21859649122808,
      "7": 37.609122807017556,
      "8": 37.946842105263165
    },
    "overall_average": 36.81778508771929,
    "total_checkpoints": 456,
    "unique_checkpoint_ids": [
      1,
      2,
      3,
      4,
      5,
      6,
      7,
      8
    ]
  }
}